{
  "name": "cccheck",
  "title": "cccheck",
  "description": "Simple front-end credit card.",
  "keywords": [
    "jquery",
    "credit",
    "card",
    "check",
    "validate",
    "itentifier",
    "measure",
    "meter"

  ],
  "version": "1.0.10",
  "author": {
    "name": "Ruan Aragão",
    "email": "ruanaragao2@gmail.com",
    "url": "https://github.com/RuanAragao"
  },
  "maintainers": [
    {
      "name": "Ruan Aragão",
      "email": "ruanaragao2@gmail.com",
      "url": "https://github.com/RuanAragao"
    },
    {
      "name": "wincentrtz",
      "email": "",
      "url": "https://github.com/wincentrtz"
    },
    {
      "name": "Sarath Nagaraj",
      "email": "nagarajsarath@gmail.com",
      "url": "https://github.com/sarathkumar6"
    }
  ],
  "licenses": [
    {
      "type": "MIT",
      "url": "https://raw.github.com/RuanAragao/cccheck/master/LICENSE"
    }
  ],
  "bugs": "https://github.com/RuanAragao/cccheck/issues/",
  "homepage": "https://ruanaragao.github.io/cccheck/",
  "docs": "https://github.com/RuanAragao/cccheck#readme",
  "download": "https://github.com/RuanAragao/cccheck/archive/master.zip",
  "dependencies": {
    "jquery": ">=1.4"
  }
}
